Instances4_User1 1-1,63
Instances4_User100 1-2,209
Instances4_User100 1-11,161
Instances4_User100 1-10,222
Instances4_User100 1-16,187
Instances4_User100 1-17,217
Instances4_User100 1-5,490
Instances4_User100 1-8,510
Instances4_User100 1-14,525
Instances4_User100 1-1,754
Instances4_User100 1-12,119
Instances4_User100 1-9,350
Instances4_User100 1-6,873
Instances4_User100 1-19,621
Instances4_User100 1-18,449
Instances4_User100 1-4,695
Instances4_User100 1-3,1683
Instances4_User100 1-84,879
Instances4_User100 1-85,884
Instances4_User100 1-86,926
Instances4_User100 1-87,953
Instances4_User100 1-88,982
Instances4_User100 1-89,1010
Instances4_User100 1-90,1097
Instances4_User100 1-91,1112
Instances4_User100 1-15,504
Instances4_User100 1-93,1182
Instances4_User100 1-94,1222
Instances4_User100 1-96,1290
Instances4_User100 1-97,1308
Instances4_User100 1-13,342
Instances4_User100 1-7,721
Instances4_User100 1-74,934
Instances4_User100 1-77,962
Instances4_User100 1-53,1533
Instances4_User100 1-79,795
Instances4_User100 1-57,2203
Instances4_User100 1-80,813
Instances4_User100 1-72,1719
Instances4_User100 1-20,1132
Instances4_User100 1-71,2557
Instances4_User100 1-66,1839
Instances4_User100 1-82,837
Instances4_User100 1-21,780
Instances4_User100 1-65,1852
Instances4_User100 1-64,1893
Instances4_User100 1-61,2912
Instances4_User100 1-83,812
Instances4_User100 1-59,2465
Instances4_User100 1-60,2472
Instances4_User100 1-63,1914
Instances4_User100 1-67,1913
Instances4_User100 1-69,1802
Instances4_User100 1-55,2564
Instances4_User100 1-62,1989
Instances4_User100 1-50,2169
Instances4_User100 1-29,816
Instances4_User100 1-31,2905
Instances4_User100 1-30,1324
Instances4_User100 1-68,1841
Instances4_User100 1-37,865
Instances4_User100 1-70,1294
Instances4_User100 1-38,1388
Instances4_User100 1-43,905
Instances4_User100 1-76,782
Instances4_User100 1-75,786
Instances4_User100 1-28,860
Instances4_User100 1-49,1391
Instances4_User100 1-45,909
Instances4_User100 1-92,2566
Instances4_User100 1-33,1365
Instances4_User100 1-58,2525
Instances4_User100 1-39,907
Instances4_User100 1-44,1412
Instances4_User100 1-22,809
Instances4_User100 1-46,918
Instances4_User100 1-48,1414
Instances4_User100 1-42,902
Instances4_User100 1-52,1405
Instances4_User100 1-32,875
Instances4_User100 1-25,1355
Instances4_User100 1-36,1406
Instances4_User100 1-35,2895
Instances4_User100 1-24,1352
Instances4_User100 1-54,1422
Instances4_User100 1-81,802
Instances4_User100 1-51,1412
Instances4_User100 1-56,1384
Instances4_User100 1-34,1372
Instances4_User100 1-23,1795
Instances4_User100 1-78,783
Instances4_User100 1-27,1282
Instances4_User100 1-95,1254
Instances4_User100 1-41,3447
Instances4_User100 1-26,1337
Instances4_User100 1-40,1334
Instances4_User100 1-73,1934
Instances4_User100 1-47,1466
Instances4_User100 1-99,1873
Instances4_User100 1-100,1895
Instances4_User100 1-98,1336
Instances4_User500 1-6,181
Instances4_User500 1-1,65
Instances4_User500 1-10,78
Instances4_User500 1-16,198
Instances4_User500 1-5,159
Instances4_User500 1-18,227
Instances4_User500 1-7,280
Instances4_User500 1-20,340
Instances4_User500 1-14,150
Instances4_User500 1-24,411
Instances4_User500 1-28,447
Instances4_User500 1-11,472
Instances4_User500 1-72,472
Instances4_User500 1-2,339
Instances4_User500 1-80,527
Instances4_User500 1-13,545
Instances4_User500 1-36,617
Instances4_User500 1-9,718
Instances4_User500 1-38,626
Instances4_User500 1-40,702
Instances4_User500 1-26,690
Instances4_User500 1-15,739
Instances4_User500 1-128,750
Instances4_User500 1-60,442
Instances4_User500 1-106,808
Instances4_User500 1-39,847
Instances4_User500 1-8,288
Instances4_User500 1-164,845
Instances4_User500 1-19,1060
Instances4_User500 1-30,784
Instances4_User500 1-109,858
Instances4_User500 1-12,295
Instances4_User500 1-3,596
Instances4_User500 1-4,617
Instances4_User500 1-57,681
Instances4_User500 1-22,426
Instances4_User500 1-34,954
Instances4_User500 1-85,951
Instances4_User500 1-21,1850
Instances4_User500 1-23,1110
Instances4_User500 1-32,1114
Instances4_User500 1-124,1090
Instances4_User500 1-134,1113
Instances4_User500 1-144,1140
Instances4_User500 1-174,1177
Instances4_User500 1-445,855
Instances4_User500 1-204,387
Instances4_User500 1-98,602
Instances4_User500 1-130,493
Instances4_User500 1-457,1067
Instances4_User500 1-65,564
Instances4_User500 1-377,1789
Instances4_User500 1-421,2061
Instances4_User500 1-451,1982
Instances4_User500 1-223,2235
Instances4_User500 1-496,1891
Instances4_User500 1-433,2278
Instances4_User500 1-132,3899
Instances4_User500 1-70,546
Instances4_User500 1-69,536
Instances4_User500 1-419,563
Instances4_User500 1-374,2210
Instances4_User500 1-367,2108
Instances4_User500 1-91,1641
Instances4_User500 1-364,4028
Instances4_User500 1-88,396
Instances4_User500 1-250,1128
Instances4_User500 1-220,719
Instances4_User500 1-222,693
Instances4_User500 1-172,715
Instances4_User500 1-170,760
Instances4_User500 1-376,818
Instances4_User500 1-380,886
Instances4_User500 1-138,1159
Instances4_User500 1-208,772
Instances4_User500 1-264,719
Instances4_User500 1-454,932
Instances4_User500 1-200,944
Instances4_User500 1-484,952
Instances4_User500 1-158,1476
Instances4_User500 1-384,1008
Instances4_User500 1-458,1020
Instances4_User500 1-194,1253
Instances4_User500 1-289,1049
Instances4_User500 1-234,1632
Instances4_User500 1-154,1218
Instances4_User500 1-224,2195
Instances4_User500 1-136,1630
Instances4_User500 1-183,1468
Instances4_User500 1-498,6021
Instances4_User500 1-206,898
Instances4_User500 1-178,1239
Instances4_User500 1-160,769
Instances4_User500 1-196,784
Instances4_User500 1-480,1243
Instances4_User500 1-218,1745
Instances4_User500 1-76,1304
Instances4_User500 1-114,784
Instances4_User500 1-468,1372
Instances4_User500 1-64,812
Instances4_User500 1-74,1751
Instances4_User500 1-462,1400
Instances4_User500 1-474,876
Instances4_User500 1-460,1424
Instances4_User500 1-180,1494
Instances4_User500 1-148,997
Instances4_User500 1-369,2953
Instances4_User500 1-186,907
Instances4_User500 1-304,2875
Instances4_User500 1-470,922
Instances4_User500 1-254,1814
Instances4_User500 1-100,1873
Instances4_User500 1-464,1371
Instances4_User500 1-205,4020
Instances4_User500 1-216,1378
Instances4_User500 1-452,1812
Instances4_User500 1-219,2871
Instances4_User500 1-188,3131
Instances4_User500 1-123,3128
Instances4_User500 1-273,3575
Instances4_User500 1-311,3512
Instances4_User500 1-414,625
Instances4_User500 1-269,2977
Instances4_User500 1-323,3439
Instances4_User500 1-244,3496
Instances4_User500 1-181,3238
Instances4_User500 1-310,1085
Instances4_User500 1-404,575
Instances4_User500 1-408,584
Instances4_User500 1-431,593
Instances4_User500 1-241,2928
Instances4_User500 1-368,595
Instances4_User500 1-313,1201
Instances4_User500 1-356,630
Instances4_User500 1-429,658
Instances4_User500 1-35,1179
Instances4_User500 1-41,3444
Instances4_User500 1-43,639
Instances4_User500 1-416,654
Instances4_User500 1-319,4021
Instances4_User500 1-198,5032
Instances4_User500 1-97,987
Instances4_User500 1-95,3970
Instances4_User500 1-358,3973
Instances4_User500 1-315,1473
Instances4_User500 1-296,677
Instances4_User500 1-450,1208
Instances4_User500 1-410,604
Instances4_User500 1-346,1271
Instances4_User500 1-412,602
Instances4_User500 1-337,705
Instances4_User500 1-317,586
Instances4_User500 1-418,674
Instances4_User500 1-403,1196
Instances4_User500 1-45,679
Instances4_User500 1-49,727
Instances4_User500 1-427,1493
Instances4_User500 1-143,1246
Instances4_User500 1-442,721
Instances4_User500 1-428,719
Instances4_User500 1-324,1256
Instances4_User500 1-366,1143
Instances4_User500 1-432,737
Instances4_User500 1-344,639
Instances4_User500 1-479,1309
Instances4_User500 1-475,1067
Instances4_User500 1-343,705
Instances4_User500 1-284,712
Instances4_User500 1-473,742
Instances4_User500 1-481,731
Instances4_User500 1-305,3889
Instances4_User500 1-448,3950
Instances4_User500 1-63,3976
Instances4_User500 1-290,4403
Instances4_User500 1-440,4664
Instances4_User500 1-406,959
Instances4_User500 1-231,988
Instances4_User500 1-294,4234
Instances4_User500 1-282,4214
Instances4_User500 1-248,2137
Instances4_User500 1-213,941
Instances4_User500 1-92,4590
Instances4_User500 1-93,4266
Instances4_User500 1-444,11010
Instances4_User500 1-477,4755
Instances4_User500 1-133,10544
Instances4_User500 1-302,4758
Instances4_User500 1-46,4251
Instances4_User500 1-87,4137
Instances4_User500 1-485,1008
Instances4_User500 1-173,10473
Instances4_User500 1-139,4250
Instances4_User500 1-135,4146
Instances4_User500 1-59,4777
Instances4_User500 1-401,4774
Instances4_User500 1-350,4128
Instances4_User500 1-47,663
Instances4_User500 1-405,4084
Instances4_User500 1-199,709
Instances4_User500 1-483,11393
Instances4_User500 1-77,4611
Instances4_User500 1-340,678
Instances4_User500 1-51,4101
Instances4_User500 1-211,1201
Instances4_User500 1-397,1510
Instances4_User500 1-354,711
Instances4_User500 1-469,1061
Instances4_User500 1-300,4674
Instances4_User500 1-318,678
Instances4_User500 1-17,1313
Instances4_User500 1-348,647
Instances4_User500 1-461,11351
Instances4_User500 1-197,11349
Instances4_User500 1-467,1078
Instances4_User500 1-105,11362
Instances4_User500 1-298,4694
Instances4_User500 1-288,11391
Instances4_User500 1-360,1476
Instances4_User500 1-275,4696
Instances4_User500 1-465,4809
Instances4_User500 1-67,2309
Instances4_User500 1-131,704
Instances4_User500 1-292,4777
Instances4_User500 1-446,1148
Instances4_User500 1-50,5043
Instances4_User500 1-103,634
Instances4_User500 1-111,1187
Instances4_User500 1-312,4369
Instances4_User500 1-413,4362
Instances4_User500 1-334,4389
Instances4_User500 1-189,4774
Instances4_User500 1-420,4399
Instances4_User500 1-33,4426
Instances4_User500 1-330,4388
Instances4_User500 1-209,4221
Instances4_User500 1-84,4164
Instances4_User500 1-61,4710
Instances4_User500 1-357,4223
Instances4_User500 1-107,4706
Instances4_User500 1-339,4239
Instances4_User500 1-353,4243
Instances4_User500 1-434,822
Instances4_User500 1-161,4309
Instances4_User500 1-383,4774
Instances4_User500 1-345,4778
Instances4_User500 1-179,5064
Instances4_User500 1-201,4802
Instances4_User500 1-260,4287
Instances4_User500 1-118,4797
Instances4_User500 1-155,4816
Instances4_User500 1-455,4368
Instances4_User500 1-108,4837
Instances4_User500 1-78,4297
Instances4_User500 1-89,4802
Instances4_User500 1-193,4348
Instances4_User500 1-258,671
Instances4_User500 1-79,4321
Instances4_User500 1-373,4800
Instances4_User500 1-210,4333
Instances4_User500 1-411,4325
Instances4_User500 1-253,6486
Instances4_User500 1-265,4394
Instances4_User500 1-255,4397
Instances4_User500 1-243,4403
Instances4_User500 1-242,4963
Instances4_User500 1-394,4434
Instances4_User500 1-306,597
Instances4_User500 1-430,1150
Instances4_User500 1-166,4459
Instances4_User500 1-42,4972
Instances4_User500 1-156,739
Instances4_User500 1-58,4513
Instances4_User500 1-185,4502
Instances4_User500 1-182,4498
Instances4_User500 1-456,836
Instances4_User500 1-279,1092
Instances4_User500 1-157,1164
Instances4_User500 1-227,546
Instances4_User500 1-259,1144
Instances4_User500 1-266,954
Instances4_User500 1-365,446
Instances4_User500 1-314,4902
Instances4_User500 1-281,613
Instances4_User500 1-217,581
Instances4_User500 1-332,1400
Instances4_User500 1-127,4863
Instances4_User500 1-169,1034
Instances4_User500 1-478,1077
Instances4_User500 1-417,924
Instances4_User500 1-328,1335
Instances4_User500 1-488,1096
Instances4_User500 1-86,1282
Instances4_User500 1-115,1316
Instances4_User500 1-293,1157
Instances4_User500 1-379,676
Instances4_User500 1-370,1107
Instances4_User500 1-385,699
Instances4_User500 1-390,631
Instances4_User500 1-388,1109
Instances4_User500 1-486,591
Instances4_User500 1-230,4915
Instances4_User500 1-120,5408
Instances4_User500 1-236,941
Instances4_User500 1-62,4983
Instances4_User500 1-240,4969
Instances4_User500 1-184,529
Instances4_User500 1-392,4957
Instances4_User500 1-146,5527
Instances4_User500 1-453,5980
Instances4_User500 1-396,5519
Instances4_User500 1-246,4993
Instances4_User500 1-256,474
Instances4_User500 1-150,955
Instances4_User500 1-140,567
Instances4_User500 1-212,764
Instances4_User500 1-490,5541
Instances4_User500 1-122,767
Instances4_User500 1-386,1012
Instances4_User500 1-228,1421
Instances4_User500 1-402,1484
Instances4_User500 1-500,1301
Instances4_User500 1-270,854
Instances4_User500 1-378,806
Instances4_User500 1-126,868
Instances4_User500 1-327,4918
Instances4_User500 1-247,2596
Instances4_User500 1-463,4227
Instances4_User500 1-316,1611
Instances4_User500 1-329,659
Instances4_User500 1-407,4161
Instances4_User500 1-335,697
Instances4_User500 1-94,22979
Instances4_User500 1-27,4945
Instances4_User500 1-286,24797
Instances4_User500 1-399,11365
Instances4_User500 1-31,495
Instances4_User500 1-436,5052
Instances4_User500 1-238,24548
Instances4_User500 1-352,972
Instances4_User500 1-110,24915
Instances4_User500 1-262,24823
Instances4_User500 1-362,10898
Instances4_User500 1-435,25074
Instances4_User500 1-125,24993
Instances4_User500 1-459,11342
Instances4_User500 1-308,25197
Instances4_User500 1-271,25533
Instances4_User500 1-187,24985
Instances4_User500 1-495,25510
Instances4_User500 1-291,24559
Instances4_User500 1-75,646
Instances4_User500 1-245,24967
Instances4_User500 1-322,5016
Instances4_User500 1-163,729
Instances4_User500 1-235,24430
Instances4_User500 1-214,1098
Instances4_User500 1-195,4530
Instances4_User500 1-268,1058
Instances4_User500 1-409,26240
Instances4_User500 1-145,25603
Instances4_User500 1-129,5031
Instances4_User500 1-226,25266
Instances4_User500 1-443,24576
Instances4_User500 1-381,25628
Instances4_User500 1-192,1027
Instances4_User500 1-320,4522
Instances4_User500 1-297,25633
Instances4_User500 1-393,10919
Instances4_User500 1-171,4239
Instances4_User500 1-422,25632
Instances4_User500 1-439,4210
Instances4_User500 1-424,26167
Instances4_User500 1-301,25619
Instances4_User500 1-44,25631
Instances4_User500 1-382,11807
Instances4_User500 1-361,4814
Instances4_User500 1-177,11907
Instances4_User500 1-280,12115
Instances4_User500 1-287,11933
Instances4_User500 1-438,4859
Instances4_User500 1-487,11467
Instances4_User500 1-276,12025
Instances4_User500 1-497,11377
Instances4_User500 1-159,12028
Instances4_User500 1-167,11989
Instances4_User500 1-54,500
Instances4_User500 1-342,4436
Instances4_User500 1-274,658
Instances4_User500 1-395,4452
Instances4_User500 1-152,10860
Instances4_User500 1-191,11548
Instances4_User500 1-96,11535
Instances4_User500 1-207,565
Instances4_User500 1-283,11539
Instances4_User500 1-116,12121
Instances4_User500 1-165,633
Instances4_User500 1-99,4197
Instances4_User500 1-149,4724
Instances4_User500 1-153,1304
Instances4_User500 1-119,11904
Instances4_User500 1-66,12010
Instances4_User500 1-233,4244
Instances4_User500 1-347,4171
Instances4_User500 1-175,11128
Instances4_User500 1-272,1179
Instances4_User500 1-53,12026
Instances4_User500 1-425,11194
Instances4_User500 1-426,518
Instances4_User500 1-162,25459
Instances4_User500 1-225,11744
Instances4_User500 1-141,11347
Instances4_User500 1-90,4302
Instances4_User500 1-249,11376
Instances4_User500 1-239,11357
Instances4_User500 1-295,1184
Instances4_User500 1-277,11886
Instances4_User500 1-499,2424
Instances4_User500 1-336,11494
Instances4_User500 1-441,11428
Instances4_User500 1-285,11415
Instances4_User500 1-25,11997
Instances4_User500 1-112,11369
Instances4_User500 1-349,11385
Instances4_User500 1-37,11476
Instances4_User500 1-299,11483
Instances4_User500 1-325,11408
Instances4_User500 1-257,12008
Instances4_User500 1-482,4814
Instances4_User500 1-355,11407
Instances4_User500 1-137,4330
Instances4_User500 1-493,12003
Instances4_User500 1-203,11438
Instances4_User500 1-447,11464
Instances4_User500 1-423,11509
Instances4_User500 1-338,11514
Instances4_User500 1-391,11521
Instances4_User500 1-415,11516
Instances4_User500 1-307,11494
Instances4_User500 1-375,11547
Instances4_User500 1-101,11492
Instances4_User500 1-229,11541
Instances4_User500 1-215,11498
Instances4_User500 1-82,11494
Instances4_User500 1-29,11993
Instances4_User500 1-261,11513
Instances4_User500 1-263,4951
Instances4_User500 1-237,12029
Instances4_User500 1-147,11991
Instances4_User500 1-359,685
Instances4_User500 1-151,568
Instances4_User500 1-333,646
Instances4_User500 1-437,11621
Instances4_User500 1-52,11604
Instances4_User500 1-278,11721
Instances4_User500 1-491,11499
Instances4_User500 1-55,12210
Instances4_User500 1-68,12036
Instances4_User500 1-102,1048
Instances4_User500 1-168,11496
Instances4_User500 1-331,665
Instances4_User500 1-56,674
Instances4_User500 1-221,4485
Instances4_User500 1-398,11538
Instances4_User500 1-113,4990
Instances4_User500 1-251,11581
Instances4_User500 1-117,11560
Instances4_User500 1-476,1065
Instances4_User500 1-232,11969
Instances4_User500 1-363,11582
Instances4_User500 1-449,11796
Instances4_User500 1-489,12095
Instances4_User500 1-371,875
Instances4_User500 1-190,11633
Instances4_User500 1-176,964
Instances4_User500 1-471,11819
Instances4_User500 1-73,11830
Instances4_User500 1-387,11847
Instances4_User500 1-104,12344
Instances4_User500 1-83,11867
Instances4_User500 1-389,11981
Instances4_User500 1-121,11933
Instances4_User500 1-341,11924
Instances4_User500 1-267,1137
Instances4_User500 1-48,637
Instances4_User500 1-71,539
Instances4_User500 1-400,11793
Instances4_User500 1-351,4305
Instances4_User500 1-252,4318
Instances4_User500 1-81,4708
Instances4_User500 1-326,14071
Instances4_User500 1-372,4318
Instances4_User500 1-303,4796
Instances4_User500 1-309,4376
Instances4_User500 1-321,4322
Instances4_User500 1-494,12643
Instances4_User500 1-492,12656
Instances4_User500 1-466,11836
Instances4_User500 1-142,632
Instances4_User500 1-472,12112
Instances4_User500 1-202,12138
Instances4_User500 1-39,201
Instances4_User500 1-45,291
Instances4_User500 1-114,68
Instances4_User500 1-62,809
Instances4_User500 1-57,855
Instances4_User500 1-55,866
Instances4_User500 1-4,1149
Instances4_User500 1-40,332
Instances4_User500 1-95,889
Instances4_User500 1-56,1107
Instances4_User500 1-76,1551
Instances4_User500 1-74,783
Instances4_User500 1-25,912
Instances4_User500 1-59,1507
Instances4_User500 1-23,1286
Instances4_User500 1-79,1181
Instances4_User500 1-51,1162
Instances4_User500 1-204,1179
Instances4_User500 1-214,1254
Instances4_User500 1-33,369
Instances4_User500 1-81,2450
Instances4_User500 1-27,1029
Instances4_User500 1-415,2076
Instances4_User500 1-18,1246
Instances4_User500 1-21,549
Instances4_User500 1-11,1168
Instances4_User500 1-3,1275
Instances4_User500 1-148,2185
Instances4_User500 1-28,1333
Instances4_User500 1-20,1379
Instances4_User500 1-6,840
Instances4_User500 1-12,834
Instances4_User500 1-32,1014
Instances4_User500 1-363,2117
Instances4_User500 1-43,999
Instances4_User500 1-97,2279
Instances4_User500 1-198,1898
Instances4_User500 1-322,1873
Instances4_User500 1-256,1906
Instances4_User500 1-497,936
Instances4_User500 1-52,986
Instances4_User500 1-383,719
Instances4_User500 1-366,574
Instances4_User500 1-446,596
Instances4_User500 1-472,657
Instances4_User500 1-400,611
Instances4_User500 1-380,1274
Instances4_User500 1-145,813
Instances4_User500 1-308,658
Instances4_User500 1-278,623
Instances4_User500 1-255,1447
Instances4_User500 1-168,1207
Instances4_User500 1-434,720
Instances4_User500 1-406,751
Instances4_User500 1-374,1233
Instances4_User500 1-494,959
Instances4_User500 1-384,784
Instances4_User500 1-253,594
Instances4_User500 1-50,1111
Instances4_User500 1-242,1127
Instances4_User500 1-404,1206
Instances4_User500 1-418,1204
Instances4_User500 1-372,1174
Instances4_User500 1-331,1161
Instances4_User500 1-368,1015
Instances4_User500 1-350,1030
Instances4_User500 1-298,1054
Instances4_User500 1-345,658
Instances4_User500 1-290,2027
Instances4_User500 1-370,1992
Instances4_User500 1-358,1052
Instances4_User500 1-244,1021
Instances4_User500 1-354,1010
Instances4_User500 1-320,2256
Instances4_User500 1-228,2073
Instances4_User500 1-414,699
Instances4_User500 1-220,743
Instances4_User500 1-484,1124
Instances4_User500 1-342,1118
Instances4_User500 1-252,1489
Instances4_User500 1-344,986
Instances4_User500 1-330,1115
Instances4_User500 1-306,2255
Instances4_User500 1-396,1191
Instances4_User500 1-450,1061
Instances4_User500 1-382,1223
Instances4_User500 1-131,5816
Instances4_User500 1-106,2464
Instances4_User500 1-194,2393
Instances4_User500 1-364,2230
Instances4_User500 1-347,6508
Instances4_User500 1-112,6444
Instances4_User500 1-389,2168
Instances4_User500 1-42,7647
Instances4_User500 1-480,2372
Instances4_User500 1-335,8634
Instances4_User500 1-130,8141
Instances4_User500 1-259,8763
Instances4_User500 1-328,413
Instances4_User500 1-180,3940
Instances4_User500 1-88,3793
Instances4_User500 1-499,673
Instances4_User500 1-296,3896
Instances4_User500 1-485,913
Instances4_User500 1-491,364
Instances4_User500 1-10,1193
Instances4_User500 1-427,955
Instances4_User500 1-78,3272
Instances4_User500 1-213,3716
Instances4_User500 1-390,3748
Instances4_User500 1-221,3221
Instances4_User500 1-419,961
Instances4_User500 1-38,1993
Instances4_User500 1-254,551
Instances4_User500 1-146,3238
Instances4_User500 1-135,428
Instances4_User500 1-302,719
Instances4_User500 1-167,1055
Instances4_User500 1-493,893
Instances4_User500 1-22,1367
Instances4_User500 1-31,1086
Instances4_User500 1-15,1127
Instances4_User500 1-26,1225
Instances4_User500 1-249,3827
Instances4_User500 1-144,3255
Instances4_User500 1-8,1224
Instances4_User500 1-2,1555
Instances4_User500 1-326,3608
Instances4_User500 1-251,3242
Instances4_User500 1-319,3786
Instances4_User500 1-353,3330
Instances4_User500 1-109,3852
Instances4_User500 1-261,3323
Instances4_User500 1-403,3908
Instances4_User500 1-428,3879
Instances4_User500 1-37,557
Instances4_User500 1-281,3832
Instances4_User500 1-392,475
Instances4_User500 1-479,1014
Instances4_User500 1-316,3354
Instances4_User500 1-265,3330
Instances4_User500 1-283,3295
Instances4_User500 1-301,3872
Instances4_User500 1-313,3853
Instances4_User500 1-410,4398
Instances4_User500 1-436,4422
Instances4_User500 1-362,3974
Instances4_User500 1-257,3371
Instances4_User500 1-451,3581
Instances4_User500 1-239,3362
Instances4_User500 1-373,3449
Instances4_User500 1-466,3949
Instances4_User500 1-280,1259
Instances4_User500 1-465,1297
Instances4_User500 1-379,3981
Instances4_User500 1-459,787
Instances4_User500 1-181,666
Instances4_User500 1-458,3464
Instances4_User500 1-156,554
Instances4_User500 1-310,1363
Instances4_User500 1-277,3515
Instances4_User500 1-147,3434
Instances4_User500 1-60,3994
Instances4_User500 1-152,491
Instances4_User500 1-139,3501
Instances4_User500 1-444,3549
Instances4_User500 1-226,3557
Instances4_User500 1-182,876
Instances4_User500 1-107,3573
Instances4_User500 1-179,3519
Instances4_User500 1-386,4087
Instances4_User500 1-85,3601
Instances4_User500 1-89,1234
Instances4_User500 1-153,1241
Instances4_User500 1-209,734
Instances4_User500 1-478,3629
Instances4_User500 1-422,4099
Instances4_User500 1-272,1233
Instances4_User500 1-338,4171
Instances4_User500 1-454,3572
Instances4_User500 1-5,3593
Instances4_User500 1-110,756
Instances4_User500 1-157,1252
Instances4_User500 1-133,4224
Instances4_User500 1-456,3736
Instances4_User500 1-375,559
Instances4_User500 1-67,4232
Instances4_User500 1-432,4218
Instances4_User500 1-438,4236
Instances4_User500 1-165,3676
Instances4_User500 1-490,685
Instances4_User500 1-83,653
Instances4_User500 1-348,4216
Instances4_User500 1-128,888
Instances4_User500 1-158,3307
Instances4_User500 1-94,1181
Instances4_User500 1-250,4303
Instances4_User500 1-462,898
Instances4_User500 1-470,390
Instances4_User500 1-191,757
Instances4_User500 1-311,922
Instances4_User500 1-173,406
Instances4_User500 1-275,1429
Instances4_User500 1-460,436
Instances4_User500 1-398,919
Instances4_User500 1-327,588
Instances4_User500 1-207,592
Instances4_User500 1-138,607
Instances4_User500 1-231,917
Instances4_User500 1-492,443
Instances4_User500 1-369,627
Instances4_User500 1-172,460
Instances4_User500 1-241,630
Instances4_User500 1-356,507
Instances4_User500 1-496,1034
Instances4_User500 1-476,1313
Instances4_User500 1-299,1215
Instances4_User500 1-187,4133
Instances4_User500 1-394,761
Instances4_User500 1-285,11180
Instances4_User500 1-300,5419
Instances4_User500 1-402,886
Instances4_User500 1-86,11233
Instances4_User500 1-395,960
Instances4_User500 1-381,443
Instances4_User500 1-149,8222
Instances4_User500 1-279,8145
Instances4_User500 1-371,8258
Instances4_User500 1-317,8671
Instances4_User500 1-34,8883
Instances4_User500 1-304,8719
Instances4_User500 1-361,8626
Instances4_User500 1-73,497
Instances4_User500 1-96,18293
Instances4_User500 1-223,18663
Instances4_User500 1-262,468
Instances4_User500 1-355,715
Instances4_User500 1-413,18329
Instances4_User500 1-195,541
Instances4_User500 1-203,18341
Instances4_User500 1-137,1076
Instances4_User500 1-210,1246
Instances4_User500 1-397,8752
Instances4_User500 1-263,705
Instances4_User500 1-286,8768
Instances4_User500 1-116,8206
Instances4_User500 1-282,18370
Instances4_User500 1-162,18856
Instances4_User500 1-352,390
Instances4_User500 1-343,8712
Instances4_User500 1-405,18363
Instances4_User500 1-212,18424
Instances4_User500 1-243,8714
Instances4_User500 1-80,8126
Instances4_User500 1-420,8214
Instances4_User500 1-333,3316
Instances4_User500 1-329,8130
Instances4_User500 1-164,8895
Instances4_User500 1-211,8976
Instances4_User500 1-44,8176
Instances4_User500 1-292,8144
Instances4_User500 1-293,8156
Instances4_User500 1-339,3275
Instances4_User500 1-122,474
Instances4_User500 1-482,8826
Instances4_User500 1-297,8848
Instances4_User500 1-351,8217
Instances4_User500 1-393,449
Instances4_User500 1-163,8344
Instances4_User500 1-136,3339
Instances4_User500 1-105,8337
Instances4_User500 1-121,8348
Instances4_User500 1-208,19214
Instances4_User500 1-124,8741
Instances4_User500 1-411,8429
Instances4_User500 1-175,8703
Instances4_User500 1-201,8499
Instances4_User500 1-258,8980
Instances4_User500 1-407,8496
Instances4_User500 1-189,999
Instances4_User500 1-218,8719
Instances4_User500 1-29,8225
Instances4_User500 1-142,8426
Instances4_User500 1-47,542
Instances4_User500 1-113,3258
Instances4_User500 1-169,1012
Instances4_User500 1-337,8667
Instances4_User500 1-71,532
Instances4_User500 1-160,3241
Instances4_User500 1-387,8245
Instances4_User500 1-215,9129
Instances4_User500 1-307,3776
Instances4_User500 1-119,545
Instances4_User500 1-238,3299
Instances4_User500 1-284,3242
Instances4_User500 1-245,9157
Instances4_User500 1-426,3339
Instances4_User500 1-98,9114
Instances4_User500 1-376,685
Instances4_User500 1-266,3262
Instances4_User500 1-264,3953
Instances4_User500 1-274,8615
Instances4_User500 1-273,19490
Instances4_User500 1-385,570
Instances4_User500 1-341,3329
Instances4_User500 1-90,8249
Instances4_User500 1-268,9268
Instances4_User500 1-421,1243
Instances4_User500 1-416,9195
Instances4_User500 1-388,8619
Instances4_User500 1-13,8642
Instances4_User500 1-246,556
Instances4_User500 1-141,8567
Instances4_User500 1-340,8637
Instances4_User500 1-150,716
Instances4_User500 1-161,8554
Instances4_User500 1-468,399
Instances4_User500 1-155,8532
Instances4_User500 1-303,923
Instances4_User500 1-104,3284
Instances4_User500 1-430,9145
Instances4_User500 1-270,409
Instances4_User500 1-276,3615
Instances4_User500 1-442,3996
Instances4_User500 1-118,8435
Instances4_User500 1-87,8710
Instances4_User500 1-474,8629
Instances4_User500 1-75,9338
Instances4_User500 1-19,3444
Instances4_User500 1-473,750
Instances4_User500 1-495,698
Instances4_User500 1-314,938
Instances4_User500 1-359,713
Instances4_User500 1-100,9191
Instances4_User500 1-443,1308
Instances4_User500 1-445,4079
Instances4_User500 1-464,3348
Instances4_User500 1-487,384
Instances4_User500 1-377,3426
Instances4_User500 1-1,406
Instances4_User500 1-481,582
Instances4_User500 1-378,22047
Instances4_User500 1-433,4031
Instances4_User500 1-336,684
Instances4_User500 1-294,477
Instances4_User500 1-439,811
Instances4_User500 1-449,1367
Instances4_User500 1-115,21680
Instances4_User500 1-126,3428
Instances4_User500 1-486,915
Instances4_User500 1-230,22548
Instances4_User500 1-448,428
Instances4_User500 1-183,3694
Instances4_User500 1-66,22524
Instances4_User500 1-188,1311
Instances4_User500 1-429,814
Instances4_User500 1-35,3745
Instances4_User500 1-360,22326
Instances4_User500 1-134,811
Instances4_User500 1-192,9914
Instances4_User500 1-176,872
Instances4_User500 1-65,22954
Instances4_User500 1-216,9988
Instances4_User500 1-408,10738
Instances4_User500 1-199,10764
Instances4_User500 1-41,805
Instances4_User500 1-288,468
Instances4_User500 1-441,501
Instances4_User500 1-477,747
Instances4_User500 1-240,454
Instances4_User500 1-248,596
Instances4_User500 1-132,463
Instances4_User500 1-435,455
Instances4_User500 1-36,450
Instances4_User500 1-318,3884
Instances4_User500 1-61,647
Instances4_User500 1-102,10164
Instances4_User500 1-463,1185
Instances4_User500 1-72,465
Instances4_User500 1-236,10692
Instances4_User500 1-457,4133
Instances4_User500 1-437,3997
Instances4_User500 1-70,10327
Instances4_User500 1-171,10185
Instances4_User500 1-332,10755
Instances4_User500 1-489,1228
Instances4_User500 1-467,1289
Instances4_User500 1-92,3480
Instances4_User500 1-312,10319
Instances4_User500 1-99,10846
Instances4_User500 1-461,778
Instances4_User500 1-7,750
Instances4_User500 1-232,3623
Instances4_User500 1-469,754
Instances4_User500 1-140,3619
Instances4_User500 1-423,675
Instances4_User500 1-475,1312
Instances4_User500 1-53,1149
Instances4_User500 1-227,680
Instances4_User500 1-334,3698
Instances4_User500 1-453,805
Instances4_User500 1-447,1376
Instances4_User500 1-455,1386
Instances4_User500 1-108,1339
Instances4_User500 1-346,721
Instances4_User500 1-431,1447
Instances4_User500 1-412,22878
Instances4_User500 1-401,3924
Instances4_User500 1-16,5069
Instances4_User500 1-14,1291
Instances4_User500 1-24,679
Instances4_User500 1-295,38887
Instances4_User500 1-417,8797
Instances4_User500 1-127,8113
Instances4_User500 1-193,18271
Instances4_User500 1-69,713
Instances4_User500 1-205,8459
Instances4_User500 1-154,18495
Instances4_User500 1-325,816
Instances4_User500 1-64,561
Instances4_User500 1-54,18339
Instances4_User500 1-129,8407
Instances4_User500 1-225,18850
Instances4_User500 1-237,19188
Instances4_User500 1-48,18708
Instances4_User500 1-82,3219
Instances4_User500 1-391,8199
Instances4_User500 1-206,8722
Instances4_User500 1-324,8244
Instances4_User500 1-202,18821
Instances4_User500 1-217,18987
Instances4_User500 1-349,3361
Instances4_User500 1-111,18892
Instances4_User500 1-267,18912
Instances4_User500 1-170,19367
Instances4_User500 1-271,18950
Instances4_User500 1-424,18945
Instances4_User500 1-235,656
Instances4_User500 1-166,19404
Instances4_User500 1-184,18953
Instances4_User500 1-321,8987
Instances4_User500 1-269,19457
Instances4_User500 1-287,888
Instances4_User500 1-305,18942
Instances4_User500 1-68,19061
Instances4_User500 1-186,8276
Instances4_User500 1-315,19483
Instances4_User500 1-58,3919
Instances4_User500 1-91,597
Instances4_User500 1-117,19589
Instances4_User500 1-123,1236
Instances4_User500 1-323,8633
Instances4_User500 1-440,9114
Instances4_User500 1-234,18973
Instances4_User500 1-289,19566
Instances4_User500 1-291,19501
Instances4_User500 1-247,4013
Instances4_User500 1-219,19043
Instances4_User500 1-178,3342
Instances4_User500 1-425,3876
Instances4_User500 1-488,3203
Instances4_User500 1-49,8387
Instances4_User500 1-103,8445
Instances4_User500 1-93,19140
Instances4_User500 1-125,19137
Instances4_User500 1-174,19152
Instances4_User500 1-409,8447
Instances4_User500 1-101,19171
Instances4_User500 1-500,19116
Instances4_User500 1-260,3257
Instances4_User500 1-229,3248
Instances4_User500 1-197,9037
Instances4_User500 1-120,3782
Instances4_User500 1-367,710
Instances4_User500 1-399,9045
Instances4_User500 1-190,8474
Instances4_User500 1-233,8579
Instances4_User500 1-151,42636
Instances4_User500 1-365,8589
Instances4_User500 1-196,19982
Instances4_User500 1-357,8591
Instances4_User500 1-46,9192
Instances4_User500 1-9,1367
Instances4_User500 1-200,8669
Instances4_User500 1-84,9213
Instances4_User500 1-309,3870
Instances4_User500 1-498,21130
Instances4_User500 1-77,8690
Instances4_User500 1-185,3428
Instances4_User500 1-159,3440
Instances4_User500 1-177,3685
Instances4_User500 1-452,952
Instances4_User500 1-63,43866
Instances4_User500 1-483,418
Instances4_User500 1-224,20938
Instances4_User500 1-17,21171
Instances4_User500 1-471,459
Instances4_User500 1-143,21154
Instances4_User500 1-30,45906
Instances4_User500 1-222,46093
Instances3_User100 1-7,207
Instances3_User100 1-4,277
Instances3_User100 1-18,62
Instances3_User100 1-10,269
Instances3_User100 1-20,216
Instances3_User100 1-19,254
Instances3_User100 1-9,438
Instances3_User100 1-13,469
Instances3_User100 1-24,497
Instances3_User100 1-12,242
Instances3_User100 1-2,684
Instances3_User100 1-11,371
Instances3_User100 1-1,537
Instances3_User100 1-3,1100
Instances3_User100 1-17,384
Instances3_User100 1-15,419
Instances3_User100 1-8,1098
Instances3_User100 1-16,678
Instances3_User100 1-5,599
Instances3_User100 1-14,519
Instances3_User100 1-99,1185
Instances3_User100 1-89,1436
Instances3_User100 1-93,1445
Instances3_User100 1-98,1445
Instances3_User100 1-76,1776
Instances3_User100 1-100,1465
Instances3_User100 1-21,3094
Instances3_User100 1-31,3282
Instances3_User100 1-38,3231
Instances3_User100 1-64,2978
Instances3_User100 1-36,660
Instances3_User100 1-37,661
Instances3_User100 1-35,1140
Instances3_User100 1-43,628
Instances3_User100 1-66,686
Instances3_User100 1-29,1174
Instances3_User100 1-67,744
Instances3_User100 1-44,638
Instances3_User100 1-45,629
Instances3_User100 1-68,780
Instances3_User100 1-26,667
Instances3_User100 1-46,639
Instances3_User100 1-30,665
Instances3_User100 1-27,1164
Instances3_User100 1-28,673
Instances3_User100 1-59,679
Instances3_User100 1-52,645
Instances3_User100 1-54,663
Instances3_User100 1-6,615
Instances3_User100 1-63,677
Instances3_User100 1-60,667
Instances3_User100 1-70,1355
Instances3_User100 1-53,682
Instances3_User100 1-61,669
Instances3_User100 1-65,710
Instances3_User100 1-71,909
Instances3_User100 1-73,941
Instances3_User100 1-77,952
Instances3_User100 1-72,924
Instances3_User100 1-78,984
Instances3_User100 1-79,1020
Instances3_User100 1-81,1033
Instances3_User100 1-32,1066
Instances3_User100 1-25,1574
Instances3_User100 1-22,670
Instances3_User100 1-80,1091
Instances3_User100 1-41,1098
Instances3_User100 1-40,1615
Instances3_User100 1-42,1111
Instances3_User100 1-33,1093
Instances3_User100 1-82,1134
Instances3_User100 1-34,1104
Instances3_User100 1-39,1143
Instances3_User100 1-47,1099
Instances3_User100 1-83,1160
Instances3_User100 1-48,1110
Instances3_User100 1-50,1113
Instances3_User100 1-85,1201
Instances3_User100 1-49,1104
Instances3_User100 1-88,1196
Instances3_User100 1-23,775
Instances3_User100 1-51,1197
Instances3_User100 1-97,1159
Instances3_User100 1-95,1156
Instances3_User100 1-56,1284
Instances3_User100 1-58,1325
Instances3_User100 1-55,1333
Instances3_User100 1-57,1372
Instances3_User100 1-62,1416
Instances3_User100 1-96,1403
Instances3_User100 1-86,1396
Instances3_User100 1-87,1398
Instances3_User100 1-84,1404
Instances3_User100 1-74,1476
Instances3_User100 1-92,1371
Instances3_User100 1-75,1479
Instances3_User100 1-90,2176
Instances3_User100 1-91,1393
Instances3_User100 1-94,1374
Instances3_User100 1-69,1474
Instances3_User1 1-1,65
Instances3_User1 1-1,62
Instances2_User1 1-1,80
Instances2_User1 1-1,64
Instances2_User1 1-1,62
Instances2_User100 1-2,70
Instances2_User100 1-4,80
Instances2_User100 1-5,147
Instances2_User100 1-8,177
Instances2_User100 1-3,92
Instances2_User100 1-10,218
Instances2_User100 1-9,252
Instances2_User100 1-11,294
Instances2_User100 1-14,362
Instances2_User100 1-13,400
Instances2_User100 1-16,429
Instances2_User100 1-18,452
Instances2_User100 1-1,134
Instances2_User100 1-15,501
Instances2_User100 1-6,144
Instances2_User100 1-12,286
Instances2_User100 1-22,517
Instances2_User100 1-7,390
Instances2_User100 1-34,2195
Instances2_User100 1-29,568
Instances2_User100 1-30,592
Instances2_User100 1-32,614
Instances2_User100 1-21,542
Instances2_User100 1-36,609
Instances2_User100 1-23,563
Instances2_User100 1-19,577
Instances2_User100 1-17,827
Instances2_User100 1-38,611
Instances2_User100 1-57,2502
Instances2_User100 1-40,667
Instances2_User100 1-24,1138
Instances2_User100 1-37,653
Instances2_User100 1-44,703
Instances2_User100 1-27,1455
Instances2_User100 1-41,687
Instances2_User100 1-39,681
Instances2_User100 1-49,2065
Instances2_User100 1-46,758
Instances2_User100 1-53,2687
Instances2_User100 1-47,1396
Instances2_User100 1-52,793
Instances2_User100 1-45,788
Instances2_User100 1-62,792
Instances2_User100 1-64,818
Instances2_User100 1-31,1081
Instances2_User100 1-26,922
Instances2_User100 1-33,1093
Instances2_User100 1-28,926
Instances2_User100 1-61,2054
Instances2_User100 1-66,1546
Instances2_User100 1-25,927
Instances2_User100 1-63,841
Instances2_User100 1-42,1151
Instances2_User100 1-43,1156
Instances2_User100 1-20,974
Instances2_User100 1-35,1089
Instances2_User100 1-71,908
Instances2_User100 1-67,869
Instances2_User100 1-72,931
Instances2_User100 1-75,1095
Instances2_User100 1-51,1374
Instances2_User100 1-69,858
Instances2_User100 1-50,2714
Instances2_User100 1-68,848
Instances2_User100 1-74,1587
Instances2_User100 1-65,854
Instances2_User100 1-59,2718
Instances2_User100 1-70,836
Instances2_User100 1-73,959
Instances2_User100 1-80,956
Instances2_User100 1-78,996
Instances2_User100 1-82,1016
Instances2_User100 1-79,1007
Instances2_User100 1-83,1065
Instances2_User100 1-81,1038
Instances2_User100 1-84,1085
Instances2_User100 1-88,1146
Instances2_User100 1-85,1106
Instances2_User100 1-90,1103
Instances2_User100 1-86,1130
Instances2_User100 1-92,1177
Instances2_User100 1-55,3541
Instances2_User100 1-89,1150
Instances2_User100 1-54,3590
Instances2_User100 1-94,1206
Instances2_User100 1-91,1705
Instances2_User100 1-58,3584
Instances2_User100 1-56,3692
Instances2_User100 1-60,3597
Instances2_User100 1-48,825
Instances2_User100 1-96,1307
Instances2_User100 1-95,1271
Instances2_User100 1-100,1338
Instances2_User100 1-97,1323
Instances2_User100 1-93,1737
Instances2_User100 1-87,1718
Instances2_User100 1-99,1782
Instances2_User100 1-76,2626
Instances2_User100 1-77,1697
Instances2_User100 1-98,1766
Instances2_User500 1-4,86
Instances2_User500 1-20,164
Instances2_User500 1-2,71
Instances2_User500 1-18,231
Instances2_User500 1-5,221
Instances2_User500 1-24,277
Instances2_User500 1-3,234
Instances2_User500 1-8,302
Instances2_User500 1-14,387
Instances2_User500 1-10,444
Instances2_User500 1-16,554
Instances2_User500 1-30,490
Instances2_User500 1-1,174
Instances2_User500 1-48,451
Instances2_User500 1-49,512
Instances2_User500 1-12,228
Instances2_User500 1-22,360
Instances2_User500 1-6,375
Instances2_User500 1-190,1029
Instances2_User500 1-214,1046
Instances2_User500 1-26,929
Instances2_User500 1-135,1065
Instances2_User500 1-36,1393
Instances2_User500 1-32,1362
Instances2_User500 1-28,842
Instances2_User500 1-414,998
Instances2_User500 1-219,1476
Instances2_User500 1-230,246
Instances2_User500 1-126,358
Instances2_User500 1-130,304
Instances2_User500 1-259,2215
Instances2_User500 1-247,2872
Instances2_User500 1-392,2941
Instances2_User500 1-412,1391
Instances2_User500 1-33,726
Instances2_User500 1-17,2361
Instances2_User500 1-74,910
Instances2_User500 1-42,815
Instances2_User500 1-44,830
Instances2_User500 1-340,754
Instances2_User500 1-35,694
Instances2_User500 1-111,944
Instances2_User500 1-132,1539
Instances2_User500 1-376,903
Instances2_User500 1-116,1531
Instances2_User500 1-164,945
Instances2_User500 1-447,1329
Instances2_User500 1-13,562
Instances2_User500 1-31,1137
Instances2_User500 1-389,902
Instances2_User500 1-34,787
Instances2_User500 1-9,739
Instances2_User500 1-411,698
Instances2_User500 1-112,731
Instances2_User500 1-463,1368
Instances2_User500 1-7,787
Instances2_User500 1-484,865
Instances2_User500 1-378,852
Instances2_User500 1-76,2157
Instances2_User500 1-194,1611
Instances2_User500 1-72,1345
Instances2_User500 1-367,1000
Instances2_User500 1-62,1306
Instances2_User500 1-153,1343
Instances2_User500 1-64,1318
Instances2_User500 1-487,1702
Instances2_User500 1-170,1338
Instances2_User500 1-404,1212
Instances2_User500 1-393,840
Instances2_User500 1-407,1257
Instances2_User500 1-264,1454
Instances2_User500 1-265,941
Instances2_User500 1-261,964
Instances2_User500 1-223,2207
Instances2_User500 1-305,2211
Instances2_User500 1-50,923
Instances2_User500 1-444,568
Instances2_User500 1-40,1511
Instances2_User500 1-476,857
Instances2_User500 1-252,4303
Instances2_User500 1-158,620
Instances2_User500 1-322,657
Instances2_User500 1-286,707
Instances2_User500 1-267,1698
Instances2_User500 1-250,1177
Instances2_User500 1-68,1266
Instances2_User500 1-277,1170
Instances2_User500 1-364,466
Instances2_User500 1-328,1010
Instances2_User500 1-235,1287
Instances2_User500 1-451,2870
Instances2_User500 1-270,3142
Instances2_User500 1-358,802
Instances2_User500 1-244,730
Instances2_User500 1-307,1893
Instances2_User500 1-134,1954
Instances2_User500 1-181,2357
Instances2_User500 1-213,1856
Instances2_User500 1-420,2679
Instances2_User500 1-253,2217
Instances2_User500 1-159,2836
Instances2_User500 1-199,2825
Instances2_User500 1-273,2272
Instances2_User500 1-489,670
Instances2_User500 1-474,2564
Instances2_User500 1-403,812
Instances2_User500 1-384,837
Instances2_User500 1-171,4961
Instances2_User500 1-203,5009
Instances2_User500 1-440,1852
Instances2_User500 1-215,5556
Instances2_User500 1-108,1350
Instances2_User500 1-23,1886
Instances2_User500 1-157,4912
Instances2_User500 1-183,4960
Instances2_User500 1-233,4970
Instances2_User500 1-142,1639
Instances2_User500 1-155,592
Instances2_User500 1-276,3549
Instances2_User500 1-498,3553
Instances2_User500 1-394,3565
Instances2_User500 1-162,970
Instances2_User500 1-499,3628
Instances2_User500 1-147,4196
Instances2_User500 1-56,802
Instances2_User500 1-490,3595
Instances2_User500 1-302,3625
Instances2_User500 1-113,861
Instances2_User500 1-494,3650
Instances2_User500 1-398,3705
Instances2_User500 1-496,4246
Instances2_User500 1-152,4250
Instances2_User500 1-204,4355
Instances2_User500 1-38,915
Instances2_User500 1-102,1500
Instances2_User500 1-374,3867
Instances2_User500 1-209,4244
Instances2_User500 1-141,3825
Instances2_User500 1-493,3908
Instances2_User500 1-89,4322
Instances2_User500 1-161,3785
Instances2_User500 1-409,4440
Instances2_User500 1-54,894
Instances2_User500 1-71,4312
Instances2_User500 1-301,782
Instances2_User500 1-321,1231
Instances2_User500 1-290,1214
Instances2_User500 1-117,834
Instances2_User500 1-52,1429
Instances2_User500 1-462,696
Instances2_User500 1-266,2038
Instances2_User500 1-58,1374
Instances2_User500 1-109,859
Instances2_User500 1-473,3939
Instances2_User500 1-445,972
Instances2_User500 1-449,709
Instances2_User500 1-205,1205
Instances2_User500 1-187,589
Instances2_User500 1-47,708
Instances2_User500 1-105,612
Instances2_User500 1-208,1063
Instances2_User500 1-245,1637
Instances2_User500 1-272,982
Instances2_User500 1-274,1518
Instances2_User500 1-413,870
Instances2_User500 1-197,1071
Instances2_User500 1-292,4791
Instances2_User500 1-284,4812
Instances2_User500 1-475,4790
Instances2_User500 1-461,1261
Instances2_User500 1-39,4895
Instances2_User500 1-15,7629
Instances2_User500 1-77,4364
Instances2_User500 1-137,1157
Instances2_User500 1-492,3917
Instances2_User500 1-268,982
Instances2_User500 1-456,5566
Instances2_User500 1-46,517
Instances2_User500 1-357,6173
Instances2_User500 1-11,592
Instances2_User500 1-423,9547
Instances2_User500 1-149,1397
Instances2_User500 1-326,5492
Instances2_User500 1-29,639
Instances2_User500 1-166,5139
Instances2_User500 1-448,4961
Instances2_User500 1-93,1386
Instances2_User500 1-430,6549
Instances2_User500 1-66,11788
Instances2_User500 1-70,11297
Instances2_User500 1-69,6658
Instances2_User500 1-300,6381
Instances2_User500 1-483,10582
Instances2_User500 1-196,7439
Instances2_User500 1-104,7009
Instances2_User500 1-479,6413
Instances2_User500 1-333,10697
Instances2_User500 1-114,7008
Instances2_User500 1-435,6568
Instances2_User500 1-319,7011
Instances2_User500 1-460,6641
Instances2_User500 1-256,6861
Instances2_User500 1-454,6916
Instances2_User500 1-237,6893
Instances2_User500 1-329,7439
Instances2_User500 1-88,11312
Instances2_User500 1-381,7089
Instances2_User500 1-232,7149
Instances2_User500 1-228,10780
Instances2_User500 1-362,10895
Instances2_User500 1-497,4185
Instances2_User500 1-397,2772
Instances2_User500 1-85,4081
Instances2_User500 1-417,4212
Instances2_User500 1-370,11217
Instances2_User500 1-218,7773
Instances2_User500 1-55,7402
Instances2_User500 1-258,12484
Instances2_User500 1-472,11066
Instances2_User500 1-98,7677
Instances2_User500 1-96,7738
Instances2_User500 1-239,4155
Instances2_User500 1-375,7736
Instances2_User500 1-371,7840
Instances2_User500 1-248,10899
Instances2_User500 1-390,4228
Instances2_User500 1-425,10961
Instances2_User500 1-129,12300
Instances2_User500 1-216,7957
Instances2_User500 1-25,4141
Instances2_User500 1-349,8146
Instances2_User500 1-172,8547
Instances2_User500 1-186,8174
Instances2_User500 1-365,8205
Instances2_User500 1-347,8292
Instances2_User500 1-90,8279
Instances2_User500 1-174,8270
Instances2_User500 1-480,11857
Instances2_User500 1-173,5447
Instances2_User500 1-234,11967
Instances2_User500 1-287,8720
Instances2_User500 1-180,8839
Instances2_User500 1-133,8708
Instances2_User500 1-231,12242
Instances2_User500 1-377,5192
Instances2_User500 1-189,12656
Instances2_User500 1-193,2259
Instances2_User500 1-151,8518
Instances2_User500 1-339,8054
Instances2_User500 1-495,13080
Instances2_User500 1-369,12154
Instances2_User500 1-406,691
Instances2_User500 1-350,334
Instances2_User500 1-342,725
Instances2_User500 1-317,1728
Instances2_User500 1-101,12756
Instances2_User500 1-315,1970
Instances2_User500 1-464,13120
Instances2_User500 1-354,12377
Instances2_User500 1-78,5269
Instances2_User500 1-373,6485
Instances2_User500 1-57,8273
Instances2_User500 1-399,5597
Instances2_User500 1-353,8371
Instances2_User500 1-121,1255
Instances2_User500 1-138,12889
Instances2_User500 1-238,5670
Instances2_User500 1-177,12797
Instances2_User500 1-344,5686
Instances2_User500 1-477,5895
Instances2_User500 1-470,5023
Instances2_User500 1-220,5688
Instances2_User500 1-156,5229
Instances2_User500 1-352,4612
Instances2_User500 1-131,8500
Instances2_User500 1-246,826
Instances2_User500 1-87,5335
Instances2_User500 1-427,6614
Instances2_User500 1-148,6166
Instances2_User500 1-437,4904
Instances2_User500 1-79,8517
Instances2_User500 1-210,6516
Instances2_User500 1-154,5956
Instances2_User500 1-428,6709
Instances2_User500 1-303,13129
Instances2_User500 1-211,4863
Instances2_User500 1-410,652
Instances2_User500 1-316,4991
Instances2_User500 1-396,4883
Instances2_User500 1-343,13403
Instances2_User500 1-128,6477
Instances2_User500 1-368,6288
Instances2_User500 1-429,6982
Instances2_User500 1-419,5031
Instances2_User500 1-436,5664
Instances2_User500 1-458,5021
Instances2_User500 1-146,5514
Instances2_User500 1-242,5306
Instances2_User500 1-106,5177
Instances2_User500 1-418,6349
Instances2_User500 1-426,4200
Instances2_User500 1-387,5966
Instances2_User500 1-320,5727
Instances2_User500 1-299,5785
Instances2_User500 1-314,5281
Instances2_User500 1-467,5267
Instances2_User500 1-330,5357
Instances2_User500 1-61,5497
Instances2_User500 1-82,5508
Instances2_User500 1-192,5590
Instances2_User500 1-200,5539
Instances2_User500 1-337,6079
Instances2_User500 1-341,5643
Instances2_User500 1-331,5508
Instances2_User500 1-188,5678
Instances2_User500 1-212,5652
Instances2_User500 1-466,5308
Instances2_User500 1-222,5614
Instances2_User500 1-355,5813
Instances2_User500 1-281,2263
Instances2_User500 1-75,5025
Instances2_User500 1-345,5805
Instances2_User500 1-81,5031
Instances2_User500 1-160,5847
Instances2_User500 1-168,6530
Instances2_User500 1-295,6442
Instances2_User500 1-325,5869
Instances2_User500 1-361,6393
Instances2_User500 1-366,6070
Instances2_User500 1-45,2224
Instances2_User500 1-100,6346
Instances2_User500 1-382,2692
Instances2_User500 1-120,1579
Instances2_User500 1-182,6884
Instances2_User500 1-293,1853
Instances2_User500 1-144,4726
Instances2_User500 1-83,8664
Instances2_User500 1-139,5616
Instances2_User500 1-67,5098
Instances2_User500 1-351,6936
Instances2_User500 1-379,2801
Instances2_User500 1-312,7543
Instances2_User500 1-184,6664
Instances2_User500 1-415,8171
Instances2_User500 1-442,8173
Instances2_User500 1-372,8227
Instances2_User500 1-119,8261
Instances2_User500 1-224,8062
Instances2_User500 1-432,8127
Instances2_User500 1-421,8121
Instances2_User500 1-249,8995
Instances2_User500 1-441,7766
Instances2_User500 1-53,8366
Instances2_User500 1-291,8195
Instances2_User500 1-110,8910
Instances2_User500 1-254,2554
Instances2_User500 1-401,12872
Instances2_User500 1-60,9723
Instances2_User500 1-443,4694
Instances2_User500 1-122,8313
Instances2_User500 1-236,8272
Instances2_User500 1-73,8240
Instances2_User500 1-391,15459
Instances2_User500 1-313,4445
Instances2_User500 1-92,16446
Instances2_User500 1-304,4280
Instances2_User500 1-251,16424
Instances2_User500 1-385,5277
Instances2_User500 1-468,4904
Instances2_User500 1-450,5259
Instances2_User500 1-360,6831
Instances2_User500 1-431,4635
Instances2_User500 1-309,4791
Instances2_User500 1-481,9420
Instances2_User500 1-338,3108
Instances2_User500 1-262,2828
Instances2_User500 1-278,4408
Instances2_User500 1-288,3918
Instances2_User500 1-282,3935
Instances2_User500 1-260,8316
Instances2_User500 1-306,19301
Instances2_User500 1-478,3597
Instances2_User500 1-51,19166
Instances2_User500 1-386,19247
Instances2_User500 1-453,1021
Instances2_User500 1-84,3511
Instances2_User500 1-424,1087
Instances2_User500 1-95,3745
Instances2_User500 1-165,4269
Instances2_User500 1-269,10532
Instances2_User500 1-136,11701
Instances2_User500 1-459,609
Instances2_User500 1-163,9173
Instances2_User500 1-296,1273
Instances2_User500 1-221,9446
Instances2_User500 1-334,8483
Instances2_User500 1-310,9679
Instances2_User500 1-125,9456
Instances2_User500 1-43,406
Instances2_User500 1-240,8210
Instances2_User500 1-91,10009
Instances2_User500 1-434,9311
Instances2_User500 1-99,9972
Instances2_User500 1-97,8606
Instances2_User500 1-115,1155
Instances2_User500 1-195,10042
Instances2_User500 1-363,1583
Instances2_User500 1-59,1150
Instances2_User500 1-229,1164
Instances2_User500 1-140,9714
Instances2_User500 1-185,9488
Instances2_User500 1-457,888
Instances2_User500 1-243,12946
Instances2_User500 1-402,9533
Instances2_User500 1-107,9558
Instances2_User500 1-359,8303
Instances2_User500 1-86,9461
Instances2_User500 1-206,879
Instances2_User500 1-455,3795
Instances2_User500 1-346,9616
Instances2_User500 1-280,4362
Instances2_User500 1-335,1618
Instances2_User500 1-257,13390
Instances2_User500 1-191,9981
Instances2_User500 1-63,8544
Instances2_User500 1-179,13333
Instances2_User500 1-118,9062
Instances2_User500 1-283,10953
Instances2_User500 1-294,3818
Instances2_User500 1-311,10031
Instances2_User500 1-324,8527
Instances2_User500 1-323,8556
Instances2_User500 1-150,10939
Instances2_User500 1-491,4393
Instances2_User500 1-202,9025
Instances2_User500 1-471,9193
Instances2_User500 1-297,9997
Instances2_User500 1-167,8622
Instances2_User500 1-127,8635
Instances2_User500 1-289,1354
Instances2_User500 1-225,10918
Instances2_User500 1-217,3776
Instances2_User500 1-241,10310
Instances2_User500 1-465,11173
Instances2_User500 1-145,10907
Instances2_User500 1-285,12739
Instances2_User500 1-21,4370
Instances2_User500 1-27,10110
Instances2_User500 1-175,10626
Instances2_User500 1-383,10157
Instances2_User500 1-388,9261
Instances2_User500 1-318,9989
Instances2_User500 1-500,3942
Instances2_User500 1-94,963
Instances2_User500 1-488,9662
Instances2_User500 1-124,9761
Instances2_User500 1-123,10215
Instances2_User500 1-227,10244
Instances2_User500 1-327,10287
Instances2_User500 1-279,10385
Instances2_User500 1-271,9858
Instances2_User500 1-80,9893
Instances2_User500 1-19,5102
Instances2_User500 1-41,8083
Instances2_User500 1-408,5410
Instances2_User500 1-169,5564
Instances2_User500 1-356,5757
Instances2_User500 1-226,5385
Instances2_User500 1-469,6251
Instances2_User500 1-143,7247
Instances2_User500 1-400,6728
Instances2_User500 1-336,12178
Instances2_User500 1-198,5778
Instances2_User500 1-482,6062
Instances2_User500 1-439,26222
Instances2_User500 1-405,13616
Instances2_User500 1-485,2398
Instances2_User500 1-178,4631
Instances2_User500 1-486,13936
Instances2_User500 1-298,4841
Instances2_User500 1-348,4375
Instances2_User500 1-452,1038
Instances2_User500 1-446,5667
Instances2_User500 1-416,2375
Instances2_User500 1-332,4923
Instances2_User500 1-433,5415
Instances2_User500 1-65,4587
Instances2_User500 1-255,1731
Instances2_User500 1-380,2488
Instances2_User500 1-37,5768
Instances2_User500 1-275,2420
Instances2_User500 1-176,4596
Instances2_User500 1-263,1829
Instances2_User500 1-422,5282
Instances2_User500 1-207,4658
Instances2_User500 1-395,4778
Instances2_User500 1-201,5172
Instances2_User500 1-308,4661
Instances2_User500 1-438,5717
Instances2_User500 1-103,5970
Instances1_User500 1-28,73
Instances1_User500 1-32,115
Instances1_User500 1-14,297
Instances1_User500 1-1,404
Instances1_User500 1-21,314
Instances1_User500 1-17,424
Instances1_User500 1-20,309
Instances1_User500 1-22,443
Instances1_User500 1-24,146
Instances1_User500 1-8,267
Instances1_User500 1-30,242
Instances1_User500 1-2,303
Instances1_User500 1-19,243
Instances1_User500 1-15,313
Instances1_User500 1-52,608
Instances1_User500 1-33,1048
Instances1_User500 1-37,1398
Instances1_User500 1-31,692
Instances1_User500 1-13,890
Instances1_User500 1-27,978
Instances1_User500 1-79,734
Instances1_User500 1-96,1152
Instances1_User500 1-50,736
Instances1_User500 1-67,1285
Instances1_User500 1-84,780
Instances1_User500 1-77,792
Instances1_User500 1-59,756
Instances1_User500 1-5,633
Instances1_User500 1-210,832
Instances1_User500 1-208,888
Instances1_User500 1-26,881
Instances1_User500 1-262,984
Instances1_User500 1-204,949
Instances1_User500 1-200,980
Instances1_User500 1-142,1296
Instances1_User500 1-4,1150
Instances1_User500 1-75,755
Instances1_User500 1-63,1501
Instances1_User500 1-162,1048
Instances1_User500 1-143,1375
Instances1_User500 1-320,1433
Instances1_User500 1-217,1437
Instances1_User500 1-138,1449
Instances1_User500 1-282,1446
Instances1_User500 1-239,1927
Instances1_User500 1-356,2580
Instances1_User500 1-89,1448
Instances1_User500 1-370,1266
Instances1_User500 1-6,734
Instances1_User500 1-144,1087
Instances1_User500 1-258,2009
Instances1_User500 1-315,1593
Instances1_User500 1-69,1467
Instances1_User500 1-18,724
Instances1_User500 1-314,1604
Instances1_User500 1-250,1625
Instances1_User500 1-91,1944
Instances1_User500 1-397,2047
Instances1_User500 1-201,1659
Instances1_User500 1-7,608
Instances1_User500 1-73,1597
Instances1_User500 1-192,1099
Instances1_User500 1-480,2153
Instances1_User500 1-290,595
Instances1_User500 1-485,1111
Instances1_User500 1-240,1080
Instances1_User500 1-102,2206
Instances1_User500 1-12,1638
Instances1_User500 1-257,1381
Instances1_User500 1-152,1232
Instances1_User500 1-355,1234
Instances1_User500 1-285,1468
Instances1_User500 1-132,865
Instances1_User500 1-9,1726
Instances1_User500 1-127,812
Instances1_User500 1-413,1753
Instances1_User500 1-420,885
Instances1_User500 1-287,1309
Instances1_User500 1-212,2165
Instances1_User500 1-470,1262
Instances1_User500 1-407,2344
Instances1_User500 1-92,2674
Instances1_User500 1-41,1090
Instances1_User500 1-108,2372
Instances1_User500 1-402,2890
Instances1_User500 1-325,3666
Instances1_User500 1-71,1091
Instances1_User500 1-29,1636
Instances1_User500 1-39,2193
Instances1_User500 1-66,1268
Instances1_User500 1-124,1437
Instances1_User500 1-454,796
Instances1_User500 1-42,916
Instances1_User500 1-497,1434
Instances1_User500 1-157,1588
Instances1_User500 1-429,1485
Instances1_User500 1-241,2078
Instances1_User500 1-435,1514
Instances1_User500 1-197,3802
Instances1_User500 1-438,1010
Instances1_User500 1-11,1116
Instances1_User500 1-10,1625
Instances1_User500 1-136,783
Instances1_User500 1-300,1931
Instances1_User500 1-431,1804
Instances1_User500 1-182,1045
Instances1_User500 1-249,1045
Instances1_User500 1-232,1384
Instances1_User500 1-25,1129
Instances1_User500 1-309,4177
Instances1_User500 1-247,1593
Instances1_User500 1-351,2148
Instances1_User500 1-94,3942
Instances1_User500 1-384,1221
Instances1_User500 1-365,1751
Instances1_User500 1-261,3860
Instances1_User500 1-330,2002
Instances1_User500 1-160,986
Instances1_User500 1-386,3780
Instances1_User500 1-410,1677
Instances1_User500 1-237,3764
Instances1_User500 1-95,4645
Instances1_User500 1-349,1615
Instances1_User500 1-181,1754
Instances1_User500 1-163,1720
Instances1_User500 1-266,1424
Instances1_User500 1-202,970
Instances1_User500 1-168,1609
Instances1_User500 1-245,1047
Instances1_User500 1-195,1443
Instances1_User500 1-317,6061
Instances1_User500 1-321,562
Instances1_User500 1-145,1122
Instances1_User500 1-119,1740
Instances1_User500 1-316,2264
Instances1_User500 1-123,2066
Instances1_User500 1-46,5101
Instances1_User500 1-403,5176
Instances1_User500 1-171,4435
Instances1_User500 1-226,4066
Instances1_User500 1-103,4978
Instances1_User500 1-346,4121
Instances1_User500 1-279,4593
Instances1_User500 1-425,8195
Instances1_User500 1-135,4702
Instances1_User500 1-375,4697
Instances1_User500 1-185,4147
Instances1_User500 1-173,4180
Instances1_User500 1-3,1519
Instances1_User500 1-101,9533
Instances1_User500 1-146,4417
Instances1_User500 1-335,9511
Instances1_User500 1-306,8398
Instances1_User500 1-233,2254
Instances1_User500 1-488,4393
Instances1_User500 1-203,8496
Instances1_User500 1-220,4492
Instances1_User500 1-380,5040
Instances1_User500 1-215,604
Instances1_User500 1-36,2316
Instances1_User500 1-256,4380
Instances1_User500 1-56,4525
Instances1_User500 1-312,4826
Instances1_User500 1-343,1833
Instances1_User500 1-500,631
Instances1_User500 1-48,9600
Instances1_User500 1-244,4760
Instances1_User500 1-199,5126
Instances1_User500 1-238,4622
Instances1_User500 1-47,628
Instances1_User500 1-326,4517
Instances1_User500 1-260,5067
Instances1_User500 1-234,4721
Instances1_User500 1-70,4812
Instances1_User500 1-154,677
Instances1_User500 1-93,1032
Instances1_User500 1-34,5408
Instances1_User500 1-496,1853
Instances1_User500 1-76,1290
Instances1_User500 1-284,2364
Instances1_User500 1-396,4585
Instances1_User500 1-337,4442
Instances1_User500 1-51,1853
Instances1_User500 1-206,1417
Instances1_User500 1-277,2633
Instances1_User500 1-372,2216
Instances1_User500 1-149,2146
Instances1_User500 1-137,2487
Instances1_User500 1-252,2173
Instances1_User500 1-186,1549
Instances1_User500 1-40,2667
Instances1_User500 1-227,2873
Instances1_User500 1-362,2154
Instances1_User500 1-381,632
Instances1_User500 1-140,1200
Instances1_User500 1-427,5908
Instances1_User500 1-434,5899
Instances1_User500 1-283,2217
Instances1_User500 1-120,1143
Instances1_User500 1-444,5943
Instances1_User500 1-270,6001
Instances1_User500 1-274,1380
Instances1_User500 1-299,6015
Instances1_User500 1-254,745
Instances1_User500 1-231,5959
Instances1_User500 1-455,5967
Instances1_User500 1-128,1433
Instances1_User500 1-86,1144
Instances1_User500 1-421,5969
Instances1_User500 1-389,6045
Instances1_User500 1-437,1506
Instances1_User500 1-481,6038
Instances1_User500 1-483,5990
Instances1_User500 1-243,10098
Instances1_User500 1-416,1518
Instances1_User500 1-43,6114
Instances1_User500 1-445,6049
Instances1_User500 1-105,6259
Instances1_User500 1-158,10090
Instances1_User500 1-61,6086
Instances1_User500 1-130,13643
Instances1_User500 1-112,1711
Instances1_User500 1-65,6050
Instances1_User500 1-242,6104
Instances1_User500 1-38,6133
Instances1_User500 1-451,6129
Instances1_User500 1-443,6096
Instances1_User500 1-448,5958
Instances1_User500 1-222,6151
Instances1_User500 1-174,6269
Instances1_User500 1-83,726
Instances1_User500 1-272,5962
Instances1_User500 1-369,11633
Instances1_User500 1-449,2305
Instances1_User500 1-428,2426
Instances1_User500 1-228,6201
Instances1_User500 1-484,2360
Instances1_User500 1-478,839
Instances1_User500 1-235,2189
Instances1_User500 1-263,2789
Instances1_User500 1-147,10668
Instances1_User500 1-453,6039
Instances1_User500 1-474,10725
Instances1_User500 1-151,11085
Instances1_User500 1-236,10959
Instances1_User500 1-296,11358
Instances1_User500 1-88,5208
Instances1_User500 1-467,10766
Instances1_User500 1-399,6012
Instances1_User500 1-422,5983
Instances1_User500 1-487,10789
Instances1_User500 1-494,905
Instances1_User500 1-164,10821
Instances1_User500 1-328,10820
Instances1_User500 1-411,5239
Instances1_User500 1-106,2850
Instances1_User500 1-446,11221
Instances1_User500 1-49,11487
Instances1_User500 1-482,5186
Instances1_User500 1-400,12669
Instances1_User500 1-460,1114
Instances1_User500 1-307,11960
Instances1_User500 1-486,851
Instances1_User500 1-139,5414
Instances1_User500 1-385,12458
Instances1_User500 1-248,11522
Instances1_User500 1-97,1273
Instances1_User500 1-318,11504
Instances1_User500 1-426,5880
Instances1_User500 1-464,5796
Instances1_User500 1-224,11130
Instances1_User500 1-418,11630
Instances1_User500 1-193,1271
Instances1_User500 1-230,5302
Instances1_User500 1-68,5869
Instances1_User500 1-100,5284
Instances1_User500 1-190,5824
Instances1_User500 1-275,2307
Instances1_User500 1-456,792
Instances1_User500 1-271,2154
Instances1_User500 1-441,737
Instances1_User500 1-450,894
Instances1_User500 1-211,11083
Instances1_User500 1-114,1111
Instances1_User500 1-216,831
Instances1_User500 1-184,848
Instances1_User500 1-382,1436
Instances1_User500 1-280,5518
Instances1_User500 1-80,11647
Instances1_User500 1-442,1608
Instances1_User500 1-463,5058
Instances1_User500 1-298,11168
Instances1_User500 1-319,1058
Instances1_User500 1-85,2489
Instances1_User500 1-155,11491
Instances1_User500 1-495,12260
Instances1_User500 1-58,5734
Instances1_User500 1-406,11664
Instances1_User500 1-398,2396
Instances1_User500 1-188,5338
Instances1_User500 1-64,11142
Instances1_User500 1-129,1410
Instances1_User500 1-165,1328
Instances1_User500 1-392,1069
Instances1_User500 1-305,1731
Instances1_User500 1-471,1078
Instances1_User500 1-176,1055
Instances1_User500 1-329,1289
Instances1_User500 1-246,14427
Instances1_User500 1-350,14331
Instances1_User500 1-295,1061
Instances1_User500 1-333,3730
Instances1_User500 1-81,14530
Instances1_User500 1-347,3510
Instances1_User500 1-54,1122
Instances1_User500 1-367,6664
Instances1_User500 1-359,4095
Instances1_User500 1-371,7277
Instances1_User500 1-423,1533
Instances1_User500 1-476,13278
Instances1_User500 1-126,3612
Instances1_User500 1-322,13946
Instances1_User500 1-499,14421
Instances1_User500 1-466,3388
Instances1_User500 1-302,7394
Instances1_User500 1-221,13592
Instances1_User500 1-310,7354
Instances1_User500 1-447,3378
Instances1_User500 1-374,15724
Instances1_User500 1-414,14996
Instances1_User500 1-23,2518
Instances1_User500 1-412,7394
Instances1_User500 1-187,13743
Instances1_User500 1-55,13274
Instances1_User500 1-433,7167
Instances1_User500 1-267,14201
Instances1_User500 1-390,13931
Instances1_User500 1-393,14701
Instances1_User500 1-251,13870
Instances1_User500 1-183,7063
Instances1_User500 1-490,7551
Instances1_User500 1-363,1595
Instances1_User500 1-90,15123
Instances1_User500 1-459,7288
Instances1_User500 1-161,1795
Instances1_User500 1-229,7175
Instances1_User500 1-361,8019
Instances1_User500 1-364,16020
Instances1_User500 1-107,7545
Instances1_User500 1-360,16046
Instances1_User500 1-368,1581
Instances1_User500 1-457,14114
Instances1_User500 1-191,13632
Instances1_User500 1-219,13769
Instances1_User500 1-358,15690
Instances1_User500 1-353,14552
Instances1_User500 1-472,14066
Instances1_User500 1-121,1457
Instances1_User500 1-62,14471
Instances1_User500 1-440,14158
Instances1_User500 1-82,15627
Instances1_User500 1-213,7730
Instances1_User500 1-489,14658
Instances1_User500 1-338,7384
Instances1_User500 1-113,574
Instances1_User500 1-415,8004
Instances1_User500 1-223,14743
Instances1_User500 1-377,15985
Instances1_User500 1-344,1519
Instances1_User500 1-276,7283
Instances1_User500 1-304,8822
Instances1_User500 1-408,8653
Instances1_User500 1-357,1521
Instances1_User500 1-209,7941
Instances1_User500 1-294,8695
Instances1_User500 1-387,16273
Instances1_User500 1-419,1476
Instances1_User500 1-439,7387
Instances1_User500 1-268,3297
Instances1_User500 1-172,7597
Instances1_User500 1-332,2037
Instances1_User500 1-452,8391
Instances1_User500 1-159,8886
Instances1_User500 1-432,8210
Instances1_User500 1-324,3485
Instances1_User500 1-477,8999
Instances1_User500 1-45,1950
Instances1_User500 1-345,1543
Instances1_User500 1-153,8545
Instances1_User500 1-166,5707
Instances1_User500 1-323,5164
Instances1_User500 1-289,15930
Instances1_User500 1-303,8548
Instances1_User500 1-409,8770
Instances1_User500 1-373,8816
Instances1_User500 1-297,8654
Instances1_User500 1-334,7690
Instances1_User500 1-169,7969
Instances1_User500 1-331,16048
Instances1_User500 1-177,7765
Instances1_User500 1-57,4088
Instances1_User500 1-458,8582
Instances1_User500 1-205,4282
Instances1_User500 1-468,8559
Instances1_User500 1-388,3471
Instances1_User500 1-111,8446
Instances1_User500 1-465,8717
Instances1_User500 1-366,4099
Instances1_User500 1-117,1584
Instances1_User500 1-110,3895
Instances1_User500 1-354,8127
Instances1_User500 1-259,8881
Instances1_User500 1-278,9444
Instances1_User500 1-404,9383
Instances1_User500 1-265,8880
Instances1_User500 1-180,9201
Instances1_User500 1-417,8263
Instances1_User500 1-78,7947
Instances1_User500 1-207,4720
Instances1_User500 1-430,8124
Instances1_User500 1-493,8039
Instances1_User500 1-170,2041
Instances1_User500 1-313,8070
Instances1_User500 1-74,8949
Instances1_User500 1-342,1609
Instances1_User500 1-53,8900
Instances1_User500 1-394,1958
Instances1_User500 1-352,2115
Instances1_User500 1-175,18260
Instances1_User500 1-395,8872
Instances1_User500 1-293,5575
Instances1_User500 1-179,9109
Instances1_User500 1-196,17313
Instances1_User500 1-269,17137
Instances1_User500 1-87,16666
Instances1_User500 1-383,1593
Instances1_User500 1-288,9599
Instances1_User500 1-16,1030
Instances1_User500 1-134,8694
Instances1_User500 1-469,16621
Instances1_User500 1-218,16648
Instances1_User500 1-214,16653
Instances1_User500 1-308,5035
Instances1_User500 1-462,2271
Instances1_User500 1-405,8812
Instances1_User500 1-339,8803
Instances1_User500 1-341,8814
Instances1_User500 1-122,8859
Instances1_User500 1-118,8817
Instances1_User500 1-436,17988
Instances1_User500 1-378,4104
Instances1_User500 1-150,5944
Instances1_User500 1-424,9928
Instances1_User500 1-391,6095
Instances1_User500 1-301,4848
Instances1_User500 1-281,9042
Instances1_User500 1-291,4725
Instances1_User500 1-461,4763
Instances1_User500 1-131,18642
Instances1_User500 1-348,4632
Instances1_User500 1-99,8934
Instances1_User500 1-292,9991
Instances1_User500 1-60,9112
Instances1_User500 1-491,9960
Instances1_User500 1-473,10001
Instances1_User500 1-475,9998
Instances1_User500 1-492,10064
Instances1_User500 1-401,2624
Instances1_User500 1-194,9764
Instances1_User500 1-340,4856
Instances1_User500 1-116,659
Instances1_User500 1-178,4566
Instances1_User500 1-44,9859
Instances1_User500 1-336,1397
Instances1_User500 1-109,4535
Instances1_User500 1-327,2223
Instances1_User500 1-225,5199
Instances1_User500 1-156,604
Instances1_User500 1-286,10737
Instances1_User500 1-35,1869
Instances1_User500 1-379,9471
Instances1_User500 1-498,4454
Instances1_User500 1-273,10257
Instances1_User500 1-253,10483
Instances1_User500 1-189,646
Instances1_User500 1-115,4542
Instances1_User500 1-104,867
Instances1_User500 1-148,771
Instances1_User500 1-125,2696
Instances1_User500 1-264,965
Instances1_User500 1-133,4720
Instances1_User500 1-255,5247
Instances1_User500 1-141,20963
Instances1_User500 1-167,11152
Instances1_User500 1-376,10948
Instances1_User500 1-198,1407
Instances1_User500 1-72,5542
Instances1_User500 1-311,11403
Instances1_User500 1-479,1692
Instances1_User500 1-98,1336
Instances1_User100 1-10,216
Instances1_User100 1-18,208
Instances1_User100 1-5,481
Instances1_User100 1-9,466
Instances1_User100 1-24,451
Instances1_User100 1-2,684
Instances1_User100 1-14,664
Instances1_User100 1-25,526
Instances1_User100 1-20,625
Instances1_User100 1-12,747
Instances1_User100 1-1,1214
Instances1_User100 1-22,238
Instances1_User100 1-3,582
Instances1_User100 1-13,1344
Instances1_User100 1-8,344
Instances1_User100 1-19,773
Instances1_User100 1-16,309
Instances1_User100 1-21,774
Instances1_User100 1-7,930
Instances1_User100 1-98,996
Instances1_User100 1-6,538
Instances1_User100 1-4,1975
Instances1_User100 1-65,1438
Instances1_User100 1-99,1287
Instances1_User100 1-66,1653
Instances1_User100 1-87,1455
Instances1_User100 1-94,1442
Instances1_User100 1-28,2792
Instances1_User100 1-82,2772
Instances1_User100 1-80,2608
Instances1_User100 1-79,2668
Instances1_User100 1-71,2757
Instances1_User100 1-75,2712
Instances1_User100 1-76,2715
Instances1_User100 1-96,953
Instances1_User100 1-41,3343
Instances1_User100 1-29,753
Instances1_User100 1-32,846
Instances1_User100 1-30,1303
Instances1_User100 1-95,938
Instances1_User100 1-97,971
Instances1_User100 1-31,833
Instances1_User100 1-89,873
Instances1_User100 1-100,1016
Instances1_User100 1-86,887
Instances1_User100 1-90,884
Instances1_User100 1-70,1434
Instances1_User100 1-17,339
Instances1_User100 1-77,912
Instances1_User100 1-72,1436
Instances1_User100 1-33,917
Instances1_User100 1-64,941
Instances1_User100 1-84,878
Instances1_User100 1-48,947
Instances1_User100 1-69,1156
Instances1_User100 1-61,1470
Instances1_User100 1-63,989
Instances1_User100 1-83,891
Instances1_User100 1-67,1433
Instances1_User100 1-40,904
Instances1_User100 1-42,1392
Instances1_User100 1-85,1384
Instances1_User100 1-92,952
Instances1_User100 1-39,929
Instances1_User100 1-43,925
Instances1_User100 1-15,1906
Instances1_User100 1-52,972
Instances1_User100 1-54,1454
Instances1_User100 1-49,978
Instances1_User100 1-51,1443
Instances1_User100 1-45,944
Instances1_User100 1-68,926
Instances1_User100 1-56,971
Instances1_User100 1-91,951
Instances1_User100 1-46,941
Instances1_User100 1-11,747
Instances1_User100 1-23,672
Instances1_User100 1-50,940
Instances1_User100 1-26,1453
Instances1_User100 1-55,951
Instances1_User100 1-93,1273
Instances1_User100 1-27,735
Instances1_User100 1-57,970
Instances1_User100 1-59,1463
Instances1_User100 1-81,1386
Instances1_User100 1-44,924
Instances1_User100 1-34,1946
Instances1_User100 1-36,1443
Instances1_User100 1-38,1461
Instances1_User100 1-35,1488
Instances1_User100 1-78,1417
Instances1_User100 1-88,1341
Instances1_User100 1-37,1446
Instances1_User100 1-58,2065
Instances1_User100 1-74,1935
Instances1_User100 1-60,1535
Instances1_User100 1-62,1539
Instances1_User100 1-53,1541
Instances1_User100 1-73,1442
Instances1_User100 1-47,1582
Instances1_User1 1-1,67
